Feature1,Feature2
2.663386723249369,9.579993330555057
2.457177280590496,10.886858240428023
12.71154433849347,15.439128108477902
6.092013847244694,8.652500784637883
2.341703690180921,10.632754034003606
13.888470411852682,16.50391136444889
12.573330252337994,15.796061755759103
3.060548583783602,9.086480229908066
7.6684261020082625,10.24572911557066
6.096456774168212,9.963321679578621
8.320072240457169,10.61511124294506
4.556444571996358,10.086644498588527
7.526094030235676,11.491685838421867
6.462681899903733,10.112012742437567
2.273509748466145,10.346165047074283
5.466325086876427,10.81747052543583
3.620743347542889,11.952945996664912
6.570589315596116,11.100734224525116
7.566483133849434,10.86470105160611
5.214724184078641,10.711498069959445
2.951780979102174,9.716290653438177
1.8149596072678351,9.736106004671509
5.193371242141812,11.098317521673122
7.032404847260214,11.612060570615025
13.407154002991062,15.76584998826712
14.358695725647818,15.973679440197857
4.867619715398655,9.658175606966799
14.31883413692418,16.710711434788905
5.592938098168407,11.539987793969365
6.984403639612648,9.342720535985073
6.867504811312163,9.989277948232761
6.6420906564424005,9.541996127958297
6.815971020658761,10.640222395544926
7.257374665908791,11.146969233517147
4.023072395165073,11.183003647857616
6.093388836242788,13.005915140907867
12.00211879243209,17.088503329225002
14.56351539405114,16.20288072335195
6.803876876052374,11.952019553545401
13.279091408239395,16.380468692207494
12.459582326331741,16.285879018882365
13.46632441428415,15.773113573395461
12.358457368015268,15.217211579573279
3.2103859385814717,10.072727158868304
1.8045022674235702,9.799307072001252
13.673836802268951,14.655958861330811
12.445836212001767,17.132617255629643
13.399737152332147,16.928667948576937
7.1061976819488315,11.422968801761954
2.6236979159531812,9.731782515936652
7.409375131026248,11.915694146443059
11.800114593014081,16.40383572550903
14.464635776050628,15.88999866694523
8.356494590214991,10.639639119789958
11.88020362163419,14.920887673849373
13.191922000165677,16.92772635130328
3.734023062313583,9.434064177278472
12.879510044274168,16.36768116052576
2.7080872929956805,10.525758006671689
12.485442529103599,16.464143954133263
2.2624690381258805,9.577795126982032
6.873970436127786,10.864231084252317
12.875303594241084,15.029618354951866
13.255137984619752,16.632645213619817
7.127001510250798,10.63211691736886
3.145658789726122,9.755698500237841
12.416159297326487,16.761175121382955
2.918086806101525,10.717403139406688
2.4755108379251336,10.770702008795359
2.314816163286407,9.199342457188921
7.738367845920834,12.360922233295788
7.94053873238573,9.869192488347165
3.460845769690505,10.579097539204074
2.1913642506860045,9.86517388368908
11.590606541019678,15.36412210190819
3.4947857493299948,9.7423806689697
6.6097006647766445,10.870859844038762
2.747472184006103,9.493173012030361
7.499646873420652,11.11804867826528
5.743032672628846,11.132168611360825
6.795172283363439,10.333874091718515
3.3025598850982045,8.752659659419507
12.173704848277172,15.222315222700542
2.0083135633194167,10.071537617880722
7.302513516338164,12.355032598784781
3.133773631414102,11.088229060878856
6.931452114272553,12.225258248573931
7.759314802013239,12.994922445966221
5.632104153445149,10.275996419651564
12.967293874468783,16.75099041982152
2.4928047902872827,11.277206412873914
6.438648079804655,12.162154763393332
3.8994524715651266,12.04905366900016
7.633603460743096,11.034468995232093
13.153607088683954,16.214216041536474
3.4422657266547714,9.958069720479354
2.800471278383486,10.061314334719203
2.821005086718093,10.051063861232807
6.925370071406849,11.654754903252755
11.96445801185595,17.090701897005303
11.527180303822323,16.822529588924002
7.974841392943567,9.41248857424517
13.187441922564364,15.518879106262895
6.734543355841994,11.539229366100665
7.794311581114972,10.744255427280715
3.7416748153304575,12.15969977534499
13.463071050447816,17.27364388843773
7.685283681564814,10.726494713550396
4.158837044219699,9.70670249898354
7.1089930223617905,11.404543343879148
12.668229744829937,16.16308208865825
7.572092104735927,10.575909775000378
3.2571580315860613,9.890889640107243
2.1560766441404287,10.62674001334091
12.225219380168838,15.301544315298043
5.463951743087318,10.463585950334204
8.446517930065399,11.47964224970473
2.9466910944600815,11.96197005653483
3.2752984899427293,8.538696797001869
13.942560717182404,16.371221643653936
14.501893148785886,16.525241253277688
5.9572459634476225,10.5544203117303
4.867672638881304,11.07225524444814
12.455366389639998,15.047385482690915
6.928028495235445,10.319654395827781
2.1494266220702647,11.7487933817565
13.517582563003181,16.7188052778446
2.446245818123958,9.617325950600472
13.287984168875647,16.23077189314101
12.896423313269821,15.931487442785539
2.1206917660504874,9.489255773954723
2.380290552055235,8.979340159283089
3.7270660974924645,9.519081536247512
6.448708809409152,12.116919464892845
12.687913762610762,17.13754616223666
6.193416292332586,10.373301231960395
1.2826055105174583,8.375723281543484
6.816912891936901,11.726442050879621
7.52434810218952,11.586970578680157
6.49619381956309,9.976416858675227
7.475137220514474,11.240973062219208
12.542116107867644,14.508111730608256
5.5370017888877054,11.198164038300183
6.062543929907077,10.181698635562592
3.006396633501583,10.548755719060088
12.667562990988623,15.337806207992232
13.582548348293416,16.232578884576405
6.9736512646668425,10.789245078980299
7.091980911074708,11.160987236140844
12.318831844393944,14.724817085447777
7.042048856491991,10.513791989976083
13.587718082728825,14.5209188807563
13.382134741100714,15.998098091887641
13.290495270192542,15.470545292923441
7.408648819534568,9.748556472487376
7.243237080740527,11.124927049891008
3.4863603761211754,9.10937070072183
12.158644681649468,14.43467957813793
2.850098667319645,10.588601842073228
11.397739534712143,15.78154982436044
5.729647450219632,9.753675167968913
12.804089473077699,14.821546354063956
12.312973413290981,16.5003176891042
1.8779875589666994,10.063984871105864
14.877892891070356,16.576663313445902
6.615780760634093,10.998645052126877
13.11973663477265,17.557772632403115
13.89604942656174,15.830010710458728
2.34125492556017,10.846364232073164
12.199755615604165,15.827429193543889
2.661623794180332,9.779649701698979
13.657016153781598,15.91729860446678
5.446492686911206,9.876619894983145
7.182248028536672,12.249050276014277
3.054218966350369,9.94066690303505
12.427658383329536,15.403872678301454
7.089584919297497,10.634996886327809
15.15168182517012,15.888138774769892
13.684422531141035,15.510389766255726
7.570462527454636,11.112791318187284
3.0340070057019775,9.004249312628664
7.537563942815517,11.730129351078476
6.779451601656833,11.298674659391244
4.169407848717573,11.787212271225089
7.538650869646721,10.072389672002519
3.3579179359804487,10.031531189743802
13.501231954507743,15.709492660696572
13.005658528733795,16.102116164067798
14.221195608030982,15.544091345038453
6.346162236072484,11.203948300058217
12.195064385740512,17.70076363698846
13.246087780570061,14.903798125921908
3.3053911483317266,8.870758729024072
6.908371317691627,10.612816301557828
6.00719751219596,10.92132464045257
6.872232718701309,13.063526526698173
5.702334712923267,10.385756476305495
5.785690789594292,10.69016848057597
4.7135748546229514,9.861723056806321
7.928458108141406,10.861701991100587
3.7797326617666624,9.138970588667759
4.690594894795169,9.115710345944509
8.714085613684551,10.12075257298908
6.9251751280696014,12.343012974933647
11.883383485186078,15.287155323129413
2.788359153168851,10.224541572368295
2.9038918732279315,9.597500473659425
3.851287501484445,9.976103943977717
13.464603455157777,16.371983145618675
6.217667612094737,10.167924059213238
7.045080168499987,12.192745939747681
1.3918364003760808,8.537753540199773
7.136156123494093,11.45879554732912
12.859165497760507,17.2807866687254
5.1817233214284535,11.295414137838815
4.553408509980597,10.033290624160824
7.214704878897206,11.212562551764691
11.857352822303648,15.782800248424925
7.304627194093964,10.371479457303122
1.4220392113628613,10.29902335329
6.244257455121597,11.139035389188521
2.164867684661102,9.391274297902454
7.142555029276329,11.566794017326142
6.152599920304889,12.289839469808738
3.5523428889356143,9.275109716420806
12.800677148574685,16.195627210437692
6.102586319391818,9.953093338994744
13.435157574475165,16.365023906292407
7.112215507367565,11.200464751361336
3.0222700788809442,10.595007603902843
7.518326991114826,12.303321130262105
3.616739985681468,10.534737477354088
2.669606358409105,9.056636151253793
6.412457366919966,10.61734186231813
12.078647538888633,15.232316804028892
7.049187146049883,11.031628057537896
14.690607088927255,16.639759205681987
6.538038539127461,12.445559936279302
3.447428627799089,9.50456586902644
4.766558012881804,10.134699187485136
1.5550295865946169,10.607689061838434
7.680241916161183,10.055461388591844
6.935892157283072,11.595232427031236
13.240224252026241,15.650139050861082
2.393673133077368,10.329318945654522
11.936307487782434,17.022914607885067
8.28201289714658,10.177567506459125
7.055136761737805,10.556586760411069
4.400476002748784,10.126454159461742
5.9496181121098175,8.984976560707445
3.367530437903278,8.833292738153977
2.7904066749972505,10.839083951999875
7.053663814472368,10.536433840928245
7.349680386927674,10.843823479422845
11.950072784592681,15.132866482529082
7.099436055807993,12.184658232138162
13.383357301259704,15.279796815335779
2.4326374026307356,10.648183010133652
0.368262711281631,9.327070436080756
13.216221128197901,17.151477383234514
2.545171264702175,9.238340207584121
12.7856887553514,16.898962715173212
12.736671108036106,16.26944581392521
13.62507542847612,16.052064303108494
1.8965740313788875,9.088009997833074
11.781424144273176,17.19461404242757
2.298510029676495,10.394114107658632
5.901595193741487,10.922403875819187
1.8933466752110069,9.20573455220257
6.378728551415106,11.988422857991315
7.367914669822392,10.758958092846413
6.06615281276418,11.94923053756786
6.727831873336473,10.5697287731268
6.823288639701344,9.972633561032765
6.6955956645054115,10.477541649083237
11.05938133716846,17.629172836171886
1.461012727775213,10.374844167690354
6.593365021314719,11.889344890376844
13.3744945512214,16.30356538708686
13.646977687833008,16.571132081496852
11.555840780021994,15.759569311885926
6.348450614089554,12.073332402194957
12.019809499420095,16.117887236487277
3.1467003405166456,10.353291346035855
12.262018276202081,15.151324815415109
13.966950540041642,14.969476702106755
12.76767866075204,16.598796783226927
14.51960071248191,17.3903925994349
2.3022973221852294,10.440753535442992
7.728910392154054,11.13696882692859
11.593498753008257,15.868758723371442
3.3237884686100974,12.378577311463577
6.0382451530962165,8.980892652394553
11.854285941600535,14.948564107858658
8.70001883575243,10.573503963192122
1.9671332471439094,10.774917261075444
1.7849563686430296,9.377056846783436
3.777276071287434,10.084099551230084
12.91233282809157,16.40476536243984
5.498193107729772,10.26869486642856
7.015804376235774,9.713595544754288
6.464609543902554,10.693451375029642
3.042341635641954,9.631841444578745
2.300144962223459,10.491772471979345
12.257663887582511,15.484240957089186
13.186073177782884,16.91178155334283
3.6117679416871393,10.608236180744397
2.94226216370766,8.625055944797914
2.495658461621197,9.493218258713624
13.414571707303715,15.801838123989063
7.585168039774502,9.415282167063832
2.937259429659167,9.388874050826853
11.132405682389072,16.09623000740905
12.941011475269043,15.046075021036026
13.163219971438506,14.91856643997928
1.7922749182999367,9.500769435185646
12.781725903071981,16.260965595025727
11.305950767202802,16.45871808895251
3.070943808206446,9.263357690352569
5.701604484244189,11.498904492755914
2.344629720734156,9.702156997649732
11.938475390482047,16.753567937653095
2.7779632393737663,10.231494601867416
1.8069374727473622,10.653199413733699
7.139664321689515,9.977693306567629
3.5189218449719326,10.468788817920288
13.31825491817744,16.715461256871734
5.972319354264796,10.681574403834267
13.042078419231038,15.509509091408955
3.372551300650036,9.633247355874783
4.238451597028396,9.327173212296122
6.689843059512314,11.33626124091639
2.799536589076653,11.974334928317838
4.2828021981013285,9.879648818955786
13.092757103119038,17.209850280782344
6.837264883672828,10.578090826715542
7.963352333982226,10.40955357299008
7.370768353039023,10.789389933166856
5.2926062103484846,11.102088180017612
8.433518293308973,11.274641279121047
3.6866001635893513,10.734320238948747
7.7485401178526425,12.244305851564445
2.6275007338429686,10.170307407586296
2.301895995555296,9.339488241518216
5.946256208916374,10.379188463809939
13.141940196094579,15.405377623974758
4.428597592013178,9.10567869414215
11.887483132269866,16.500828628725134
3.997473164081974,11.091473342796778
12.174690023027196,15.423638892291276
7.214977813439206,11.635083674902903
5.199851036079963,11.217803674166936
12.342314453956899,17.00065896448118
6.40977684241999,12.316076465088619
12.072560872497384,16.831546952929504
2.8691878853747252,8.473831274444713
5.947821653937746,11.206835593198099
13.83749302399188,17.117728060998008
2.797856571528158,9.779876200981146
1.6505725174153811,11.363169831479144
2.6587655913817527,9.414586659911535
10.738629618337733,16.956693847507815
2.42726017408576,10.539057709041437
3.7905121714122374,8.095686250013546
12.216944721683419,14.752145604860619
3.2399997352494134,10.949717420336798
2.9976216743413024,10.68532283878754
3.1664836338210267,10.639559036712367
11.978238948187391,15.659262289386257
7.107139174780159,11.607651857170087
2.1263948812466866,10.290398499979895
7.2308477098748885,10.25344231859777
2.965810131932468,9.778526428444742
14.622030386389213,17.242396694106187
6.403376164125759,11.029006175086732
13.219395883484173,16.79128070347241
2.232443601032744,10.84045939725576
12.188161241945682,15.45073887266486
12.82468124326473,17.44772329635263
7.510959167844796,10.863577847272031
3.944625387065585,10.328982017705622
6.4706577887884515,10.815711949314931
7.142451686504803,10.310327221394754
3.1261376289520326,10.039729664050938
6.843061769040887,11.453439457751012
13.303330930244943,16.083877871109348
7.809408612583694,10.670647489639832
13.450196889961127,17.052027588167558
7.516901383182581,10.811065017599665
3.552894366005479,8.7927380256642
7.254688058587524,11.37419451916068
2.226980649744953,9.508349089216912
6.816881476482191,11.537535493061075
13.771079571230771,16.698166924438866
3.115133142285848,8.505672253430546
13.364563231333598,16.242025685681945
7.417604588276858,10.282402762253762
12.530022642193947,17.08076764291665
12.202010741312458,14.633788290525606
1.6799067263434582,9.88563437797517
6.959471371522321,12.007148675041499
2.7670309926225483,8.589150377985225
13.066234216060938,15.845933517295999
12.614665888277175,17.047159162358895
3.2281822200815897,9.634801111741274
2.831329988319244,9.794908880087911
11.927568271587843,16.491936019789435
1.290674713346066,10.123344560527874
2.4158611036425413,10.220658713272561
2.346967722743374,9.868976325444999
12.675780008480157,14.68670820677645
3.7929438140886433,9.291142082088042
12.584851136355923,16.152869810716087
2.591497205954169,9.796503969717511
12.586359902157463,15.611212957079598
7.1043138461626425,11.70199788676895
2.8374968551223367,9.413052624347397
2.6046370607334324,10.012761078861455
13.098786466867308,15.536874235090291
11.583110116044452,16.719509299845175
4.214388221916397,11.075195269651152
6.753909111420571,10.091372298168888
12.619149717461461,15.628466053787575
13.949157088919382,15.16905226034479
8.19542881527042,10.761429298512185
8.124043811296124,10.15222131813028
12.21150748312862,15.254172480112752
14.518310077706047,16.522141100385216
12.012169387091634,17.211767325583487
3.859537417417407,10.367019279576768
14.127190539165188,15.687613196035059
3.011853120203398,9.279508029967333
6.7757251069457745,9.726809034197094
7.930057194192533,10.095529398845771
12.763803975453357,15.670651325408542
7.877906225161692,10.431225805942955
1.3736100490832455,11.816273172711353
12.912923623746893,15.163242126054486
11.847538632011538,16.23608590491165
8.447334868297375,10.04055087306053
12.393453694530296,16.6627055546178
2.957487608128684,10.387853481134034
11.143927715987031,15.870072560104294
14.3331573853378,17.905784230287157
1.5484689585053089,8.720756656798375
2.7242633228264577,8.944706046146411
13.127151829723593,16.282243204002185
2.9444172909651836,10.642397330819904
3.134909141958349,11.794275958527761
12.69217278934136,17.267934570124037
5.914050745922385,10.111020564859462
12.827080684908154,15.72926860370586
3.7189938495360706,10.053008917607297
3.639603372171081,9.469218535375745
12.735998518989788,15.794387847454793
2.116897169964733,10.468787209339412
13.88203234970994,15.692880647042136
6.950346483869961,11.60226660841269
12.926901271532456,17.729050995478126
7.613573264106208,10.738136967957235
6.172335664238881,11.558931454512377
3.109201297280392,10.768480902334707
5.69157038263376,10.747105636574068
3.564776561653549,9.366742192278512
7.348610266768334,9.91142812872576
12.11543899162347,16.87368912130961
12.634320865187906,17.16273529771779
3.1121239196515793,9.798599947940021
2.811132830049961,8.79229188215767
6.6447758726532165,12.365436030048606
12.782257018798612,15.073257548089009
7.0852655746247395,11.57022767806781
2.5556001824376158,10.123179535227699
6.427329401178162,11.770693124803454
12.223708678607737,16.211267788425946
13.31425918091703,16.79260559262681
8.35860031659059,9.895187346551815
11.966187565658771,15.500067816002838
6.542373936845024,10.610222417088808
7.550164646118355,10.62994290927538
7.1082317106114905,10.271360908940906
4.837928264990066,10.557468279647868
5.537848967813553,11.53466444609845
8.365556221728031,11.469450230333672
6.404265923433109,11.178011650962572
3.629737751773027,10.952966743173095
11.621219114191007,14.05264353714132
11.954854082731682,17.051047608286243
7.540385389802257,11.963010454263912
3.592381696669295,9.468308860344308
1.6895136333197025,9.77884090533399
2.832307303183703,8.752200070778184
8.626676431104046,11.470487965355975
1.6259920244316035,9.847526810262913
14.326227519950232,15.971514835355483
3.645489821535379,9.153204607223383
6.805516723969474,12.180111903542326
6.618629215950264,11.107956507555953
5.846549717969582,10.11850758812742
7.827279724990689,10.523897252052333
13.044157080558259,14.847672918745735
12.50996353738827,16.273700327386972
13.337782502517301,16.138922931962483
13.565935225636485,16.213451386225984
2.997081115900054,9.808542293881972
2.898800164687053,9.754242086932631
4.252984178111387,10.02459426850466
5.852041710785927,10.58559486768052
4.258301897124327,10.373785084882504
13.136142918641328,16.54567034166831
3.5577627184123912,9.305262733676946
7.605892953229904,11.999915015967499
12.71624634119474,15.960361178413695
1.8934850697933336,10.885181553582514
8.081125131759224,10.689179555629869
6.889391671904836,10.444672519058038
3.905883175503436,9.689749444029518
13.129597944165427,16.140358891767228
1.898297968833366,9.975348316730194
6.672995735286673,11.001330749988231
3.732761047206159,10.230276967831095
5.948568188182286,11.895530260815345
3.1612296626032004,10.922049162961944
7.186754183152688,10.83971542899324
3.1497642507498713,10.584950642470716
2.3051750012593044,9.451907977299392
6.886590425107311,10.302640341070582
6.375724267559048,9.941147231717515
11.913430784573755,16.845287155297026
12.757928609727262,16.333872432076387
6.929607914340672,10.484697067120553
2.5759072489055375,10.440190515143481
5.047286828026799,11.490062337325053
12.46988233030009,16.924249768396727
7.209104041198115,11.090564129952101
4.844731708819278,10.109950424886133
13.972108881681823,14.42985802460386
3.826365533074673,9.199108393550171
7.420823939265482,13.183000645393466
13.729495243640446,15.897823253664221
7.78311809300615,10.980712530396882
6.556343594359055,10.172525140133274
12.857181268887471,16.78645455601381
12.70140848087908,16.713640242133142
3.5487998115605146,9.37112048589029
6.2195923018957515,11.25048769874139
3.8033378817762844,9.166749688439568
15.38382874002804,14.622613746443253
4.86420324502056,12.363317594472093
13.405308940987238,16.363119085005348
6.644746046746698,12.103368575973793
5.969320295299031,10.684478997590618
13.031587521270591,15.722028194917527
4.358710781454507,9.789884598756665
12.935420823108927,16.751897701805063
6.206220287550225,9.754228321559715
3.591972863020188,9.741302170264078
3.4948109509802086,8.862159235972321
6.032996467696238,9.681995616101005
13.207212533712122,15.935539782964224
1.6876400994324483,10.061356137211398
1.5228219245551213,9.894370854056394
3.291172243260003,9.76808523475119
3.6508681494481667,10.610959652448443
12.122233611944747,16.218728933497072
12.180346435998777,16.974684415423223
3.4904910058067937,9.87419518275753
7.470138623685827,10.034877309536427
11.687723490519732,17.09934871592657
6.491171576519313,9.938603562711886
13.14277456491459,16.57924096296453
8.481524492318735,10.41324580140749
12.217773297784253,16.308033803926644
8.241663170537423,10.685566286647965
2.30715275728068,8.866955899593162
3.1073401340853284,10.438295836976147
12.642472417856567,17.101973482855694
6.507160212167181,11.550581111579188
12.3876520327986,16.250157250683458
2.0716968594438994,11.186457305033668
6.069784817125304,11.552308325899162
3.231059245794624,9.85956390458122
3.7742635401224116,11.977032265750289
14.175140493183074,15.984295205933657
2.9667457761372975,11.986359553863661
12.383051554405444,17.120670491240965
13.743286155816115,17.625344290323746
1.8548320199525323,10.199472094419455
3.266114844420471,10.17550872239832
3.359957896122349,9.2370552349419
7.766811123857244,11.471766805412722
12.322087777965622,16.52061227347839
7.312985793746466,11.389762836658523
6.571632436260169,11.269797208937211
3.175115382079623,9.3118567613077
6.622478859860449,10.668952135033432
11.967645711538381,17.27943445067785
6.461020214027612,10.137284549217904
3.208825375627048,10.260478390127826
12.020871741676691,14.167242995856821
12.009064174521352,15.775535602266391
12.626297233238851,16.39110862164936
5.476809260835554,10.426083275067727
6.458425846412607,10.563201607088827
3.9974662607280584,10.193048264732678
12.752507125485264,15.41626702171959
6.406384341869106,11.66388617853099
2.0382736823067695,9.14040310835381
2.454588440968441,9.654764934824723
13.203033700936125,16.80551196435615
11.611459026791117,15.969799100166101
4.962214876154071,10.790730070540272
4.08245066452977,8.806814185388308
6.148554393893978,10.969795164822514
11.688030153230422,16.222545121303302
13.76910549880871,14.302241679606546
7.014587018317727,11.240944576617807
1.236600420271974,9.108382498709416
13.609850873187161,17.415415475061973
2.703980444387213,10.920161839888504
2.511587683859966,9.547607363558921
2.499525152527689,9.701075075181926
13.095451894331893,15.440506622819596
8.233739479276592,11.207936197768257
13.221759345308852,14.791686900812614
13.473598882557331,16.988289102439346
13.196460172916456,14.386433150940624
13.54958081613235,14.76999592479766
13.317178542534755,17.06875043949158
11.656709373086247,15.79031504856067
12.43555663947195,15.558433888223142
7.474752517377068,11.0323708779152
2.9998559409352583,9.12624444483217
2.455714665208437,10.4176070167463
11.766783155350343,14.667357377950045
3.0204779648926166,9.652715596597275
7.799192214307738,10.381141997345209
6.5775694256578445,11.779648492552159
7.744942684474891,10.526388541895058
6.652653650024147,9.31738875218134
6.66378196150075,11.475886135179465
4.461983928830822,10.027621131968074
8.887821282964229,11.661126610493557
11.944997654962055,17.306135326971305
13.284623655079992,16.530688222039316
2.7035893813310117,8.686563893634602
12.722634230885934,15.996520496396489
12.936648270234008,16.49729326121007
5.955464732351267,10.016708750862964
2.855791363557313,10.853830635741161
7.714787783168185,10.238090578374777
13.497855902270036,15.185357422096631
13.904587882910398,16.384210369586267
11.998229375587707,15.863759242264102
6.889347031987797,11.77393931733996
13.514506281316196,16.157607050922973
14.396488401031306,16.373741138074703
2.9367962705431347,9.865462804411475
13.730955788512286,17.1229559510008
7.144193845846329,10.032839351637394
6.054307435178637,11.356011155649743
6.688062454141685,12.219802616937663
7.599732383701485,11.600043175037582
13.127357588267207,17.14073427607394
7.524199584971603,11.035593351245462
5.853818979924119,11.469413144369561
14.444381734898807,16.741230711848768
7.611667826110316,9.92882923518695
2.882557313039635,10.542644955716646
3.3437470002598375,11.166376534867851
7.164488527737862,10.130540202896809
4.070095463098323,10.108902470416286
4.265542148598175,9.355871128271378
13.647126371928126,17.631283295613507
2.7584546553028435,8.729703245288071
13.622339312872521,16.46419071843286
6.59660672605021,9.978932840035489
5.757169294065356,11.52894561204253
3.2838755654330507,9.291796040144181
2.2371765819541314,8.422300096962246
4.967809735806872,10.98313036734447
7.158479777241567,11.112172923559934
8.450236820141818,10.542079457705436
4.144676931765747,10.997385853124678
2.696183810394093,9.98927730789543
4.49354470643445,10.59131693663185
12.691966452887723,17.24372560274505
14.438427926857196,14.39211977263891
6.216211934385151,9.161134383838077
3.5261682601107887,9.757020630179627
7.0338333410728655,11.154874051149786
5.89559706459927,10.697460894658931
13.104927372139244,15.931753213019805
3.85149095633031,9.995345896094097
13.439473070351102,15.32227319709411
14.242898053246876,15.847338883419297
7.853542193134815,10.759703840559098
13.284115658310961,16.368580758263334
14.345467626585965,16.048165245563816
4.08931815343876,8.855875380374542
2.5729355685459936,11.154107887511547
3.7834905030722856,10.586024490789843
13.227525816299703,14.800962614298335
6.9873064993681355,11.374199759989622
2.7641164751789886,9.881379441660068
2.6488269593577103,10.003188544521086
14.25670770636405,15.382749666801951
13.715039887744798,16.116360642412854
10.710062523296711,15.9050780675133
8.033043701244786,10.638545361961476
3.0766361157375113,9.218201911361485
5.70273664541078,8.921461547702332
9.095368412935047,11.300973226773069
7.200580649090414,11.286723202011627
5.749543211620379,10.44883962095419
13.075753912861266,16.95750317230462
7.029410338377011,10.6783039788419
3.541155774391223,10.512982873901334
6.41596622345841,11.727947397772548
14.453116517278206,15.153480594821636
2.1201987002181486,11.388629258871743
7.756375393664513,9.829613325879821
7.114557215848298,11.41612298266774
6.843317897559816,11.285930337691648
13.754852777487793,14.811702105455428
2.1941158541647803,9.241396893819402
7.130221944189085,11.258618927951037
13.207337976151987,16.56924601094068
6.035023377640852,10.536980099413036
2.760351234311796,10.224595434485895
11.873553503196401,17.00567017741146
4.0420558138936515,10.81158245192424
6.795706726721737,11.051780852298897
3.1209887647261563,9.656991666837678
8.034457314047627,9.646530603973467
8.11780820459279,11.59310168931951
7.6072267394523685,11.546445814380283
12.450698106318455,16.56396231386847
3.867577982296686,10.772873461959533
2.8871368927941297,10.146395999930146
5.9553500067519405,10.88973187816281
3.6297103883896313,10.383978689565097
4.210267873687667,9.094059988510763
12.972033095365045,14.817374058769689
12.813069059451825,16.01874849842397
14.12188124024328,16.290614603969363
6.848223603831365,12.288559399739366
7.638667535183029,11.207551774909687
13.84634240452316,16.262467748047353
3.6774267218155754,10.47733206706518
12.968776583540249,16.50706744486125
7.483254625473393,10.810981055550856
12.881642684564918,16.795290084056184
5.322204223466995,10.28094143769892
3.8322755028306132,11.596036346466525
11.35225175639199,15.226448213470938
2.525615080675802,9.383134082680234
7.79739186572465,10.58665396145354
12.134872855557406,16.03277060881477
12.820349552588944,15.353565879678571
3.503705877154898,11.367207489256455
3.29552532568985,10.384891769133857
1.5494441237283372,9.167383747942388
14.647723739031093,15.10790856566296
14.094455494006887,16.067176115609243
3.5854735252782612,9.543135547581524
13.14440207263376,15.037755712968448
6.787964600201577,10.803849894438848
6.656841766000771,11.594163154388006
13.804419310741356,15.707179381858575
13.1941982755121,16.25923696229467
7.05248873855613,10.089727500562072
2.7423078737421367,11.858684216928742
7.510981218725429,11.091882769529398
13.563418776245536,16.039879668329124
3.5325264155633653,10.068681143700955
13.05533272387267,16.931058145590242
12.326283392382624,15.325545360523277
14.294381919894422,15.932234675862004
7.101511100649668,11.289062236363756
7.47226034922386,10.495989247166941
2.51715577391979,11.439854505409897
12.9355202463341,16.37757325208203
11.871810117546291,15.902387176971114
6.674831206133037,11.424467098022628
7.669741858273371,11.18311245180444
7.315251255881744,11.672603976408483
13.10907046047522,15.842996928565082
0.9374985937614713,9.173940952854151
13.841433505664874,16.308508041700307
3.9056236827206163,10.737601152534095
13.50581146243777,15.747133636594775
13.782154296257788,17.242851568745266
6.256174814413807,10.66816791255428
6.526621755402155,12.381604818125707
12.84230860632692,16.933437425193326
3.6927575946932576,10.042155446765692
7.551874280732216,9.10656796933418
12.482712714360975,15.811307054431182
7.970141041680433,11.540585380717182
0.8337654458940653,11.427830579151973
13.478210618340812,15.81894836250493
7.032441774835132,10.110938673202273
5.936362024678057,11.494243080586902
13.447549927893185,14.084425669635715
13.78730461048593,15.044525318381426
13.374429875331183,16.985313951068864
12.636980762036975,17.92472385790778
14.370854212708492,15.809148293010807
12.407047451540777,16.57845108241604
13.636240497134175,15.554655936241954
6.821708840474559,10.691616660702024
7.062088911685628,10.604107771190021
12.585840848162782,14.441654361989524
12.968862168598658,15.797781306223065
13.042598526953213,17.361049338256322
13.577247051404516,15.728088379218326
6.334856699411667,10.68815246552994
8.444722551111017,11.732489605638458
3.9817270605797126,9.698901608053665
4.579235146776481,8.947737165533416
3.1537016486014755,10.266886061693626
3.704733381484847,10.176587476865905
2.210520501201954,10.748372778283075
12.191243115868067,16.216686880650656
11.945393256882411,17.989441412927604
2.704617482581493,10.684379468901549
6.790464938922861,10.658625846708444
6.590289027698904,10.740209245849577
3.41865245181588,10.872350692306185
13.127548275516798,16.105100821536926
6.620563090254741,10.334835764933462
2.7221424567065218,11.161462670387948
7.211158686698451,11.500847052816155
7.562546695945473,11.250709562777795
12.981643721221259,17.563143892652178
1.106251945344362,10.64978200571811
3.1692417586015202,9.44741336468416
12.820735670306442,15.933548652600985
12.530117785804649,15.497777780220005
13.271215535135987,14.924447694014418
6.100135836447583,10.581672918884639
2.4777312761392585,10.846705083030772
2.6620333161606515,10.239283039111902
6.492893844435459,10.750613257898408
11.754208281566374,15.474455576523754
2.6726973390542668,9.981224147600578
3.5601591018759238,10.156108508591643
13.598872699939413,16.559458777566228
3.938425095319091,11.140138627535146
7.7764321597185635,10.110313300615992
12.515065156081077,15.181958494177152
2.708024126251518,10.68880013666961
7.214005066996717,9.135695117028611
4.077463667378586,10.564787488780253
14.547545353163697,15.925011289127607
13.17826169731632,15.67356965807366
14.61492574577031,16.51266858162055
13.028885771041779,15.340647582006074
6.604518536388583,12.432652730357738
4.723432439291027,9.801184103656569
12.52792012877313,15.353174294386047
12.937434250488414,16.611425447840205
2.485156069930567,10.142024042376143
14.213025549688302,16.31297356370766
7.1398023424809285,10.292367742295001
2.921886906755285,9.595008668648173
14.316148383183426,15.212733648743916
2.7730264021818063,9.3688594314816
12.517426030283753,17.58783577451645
1.8827562631371415,9.842243882576982
12.697518227038108,16.65913992638165
6.061810547695664,11.08451013587697
12.785497104040417,15.96087355799612
12.312241938702531,16.32240540324494
5.2351973767048205,11.164476078409503
13.693723671514075,15.453499445145553
12.149330993989395,16.019880068044532
7.261589319772739,10.616507973197175
13.305925407294156,14.287666951804702
12.665078102680136,14.642555327185187
7.717203588871818,11.331897691268402
6.816099453701512,10.276758218987572
2.7051269613915525,10.118968194440109
2.471962950242501,10.371647300132269
4.271267884957043,9.986390059652399
13.68430006521277,15.72910915061908
7.359230654106849,9.77866366470392
13.075598272139365,15.927518934149166
12.574826569236135,16.45210966180431
8.186098885882732,11.692829570945538
6.011194454584249,11.63448055520601
2.5818966998686865,9.647444869706575
11.768102933313997,15.379479795732667
5.704205885656372,11.307240895436593
2.978891419799701,10.4059508466114
4.121116366901799,10.485602890096661
12.6901497291956,15.066495211383998
3.3301795902970612,10.703879997607093
6.181954172909703,10.300572792006498
2.7418759160255246,10.217910018618353
2.880963712961099,10.136442606120001
13.189566484210708,17.074932724728253
7.188616232334572,10.547162636884563
14.69434836392857,15.730481645718482
2.801605373426995,9.730232931034024
6.347973677552147,11.644642341186266
12.904626493999935,16.11882866335013
11.339786766820803,15.908645240653755
3.8625113689094777,9.743089769230295
12.598560572376885,15.754137511347421
2.9840574584644317,11.33465224366845
7.151002852361715,10.214984372703684
6.976515547607782,10.296551380764917
3.6334543726983806,9.185565935616149
12.508412551317317,15.988816061026933
3.5334998316539816,10.441213310223398
2.925788040188726,9.98539059583276
2.5789259335545234,9.902592739291954
13.391441226637822,16.945508613941733
12.541198704392974,16.500654574044383
13.033430079927905,13.984126537181794
11.237400255077679,16.05747632729752
13.463379188554198,16.738256357682157
2.95365857938664,8.638646371409424
5.9530103570033015,10.35943423116542
6.036006819614948,10.624497420302003
1.988190711952814,7.974476278119962
14.321832549013799,15.223688430410588
1.988700597577596,9.027637124985972
7.672682892658067,8.853693680242973
12.195638441724181,16.252026694376365
6.447727683169477,10.580168162442288
7.641391732504094,11.078099513859568
6.726250889266495,10.535892228151408
11.662375816426572,16.824948223091607
2.0846619209563535,9.719917363679942
1.9713593065396813,9.566722004371057
7.872139295719683,9.888988512207352
7.884668981234533,11.60428048209763
2.4538042632821098,10.196703513132924
12.749469336579839,16.043674256450355
1.5635599115125691,10.601294772106511
1.8291989460885885,9.311294191355199
3.0345192043425118,8.787659715170784
6.614665342070055,10.697573692916837
2.5673054124888113,8.556861469959092
14.416230338562684,15.047231434114714
11.553758767615882,17.375722274376688
6.779271844058534,12.226986297989809
6.783270084660794,11.043926029922746
3.7796285928561355,9.615148877356384
12.58446341071164,15.465628992554816
13.780013768336433,15.213178386858635
13.171466032010114,16.93072724521656
12.336620603412358,16.605993333378745
3.5074193872804416,10.279375365873467
2.7707313728765013,9.557398681429786
13.599771033367968,16.509127357222734
3.0093609304722166,10.678016589817226
7.494995820011334,11.835252256533874
14.246359730467763,16.491238492390412
7.71090646935027,12.03196211050257
6.93360197430854,11.785798309010628
13.709189320909072,16.987451868218184
1.4324885340174385,10.091024097697995
13.760597325904982,14.53151079379916
2.735628418092246,9.497179115286873
2.4259756300348925,9.216580348903012
12.871727207367543,16.316066920618827
14.250006708813032,15.586470081891695
6.277639968402986,11.053734079769836
11.891614755927645,16.368983662556918
13.442440810820417,15.59226859107272
2.873134333101388,8.435017462348002
12.657128252011473,15.311487796575118
5.909319391369616,11.361309352393176
4.0049431704555145,10.284465147003077
5.756057482699841,11.527315509210375
2.698876477980992,9.546181313002506
5.541135278180089,10.998003308394214
7.506310647263433,11.105819530731651
3.9631959524307443,10.16859481898553
6.38280267065534,11.533674207635901
4.380748605111718,8.743383629734774
7.60850535427642,10.286648551868595
13.33479370000828,17.186130020970015
13.884992270117827,15.974330408586967
7.25383725130977,10.122472792626436
12.275286827371458,14.919857491753163
6.867309465925995,13.013698626220336
3.2462471788134306,8.585378730007909
2.225812758710494,10.195665219822247
3.0195777096244547,10.333117631508525
7.207104252053366,10.878603321926962
2.3611403487871745,10.824152753959114
3.4821002385842235,10.721909498800512
6.136672606144011,11.106453342009344
2.4468658895930195,10.371304867356132
13.382705952714288,15.678639258721795
13.67570096833311,15.75064872885155
13.381426897156038,15.81506490999228
13.189970106781837,16.521164016919993
6.82448297271601,11.327107177328694
7.17369924588013,10.786543036596026
5.702452102557316,11.240663038803257
6.882927507573708,9.566740258528078
12.99794142902152,16.16047077812148
2.0097775256909016,10.129723114723957
13.142185225925132,16.41229756438922
7.510395350369299,13.85306005892501
1.800566363194313,11.0398775123664
3.411670215493823,10.84138256755429
2.3043412072929135,10.916781796767893
4.548104084306055,10.551649340007467
12.729457070211263,15.619456925361362
6.767524131024896,11.1550806723481
2.4940870556002555,9.765255316837614
3.28222387019202,11.074628677058964
7.582590863895299,11.284726349242856
13.745865163158365,16.92933434066273
12.472627460319458,17.098373045235636
2.4865599706659243,12.387678922900761
7.809233582688331,10.801177975193145
12.880990724796787,14.892260429282368
14.3049171141865,16.952944640213968
2.7284701526551878,9.658073697262093
13.073900117153997,15.313152297823507
12.52389080404621,17.199372273164474
11.686395632070699,16.581482917182548
1.9851881937063094,10.346792088113416
4.587050604208725,9.929030104384497
12.184377476849486,15.190523004116724
4.750712101583679,10.352221636123575
2.675879000256755,10.12691267107363
3.8101463831263045,9.772942617932697
3.8520487105819834,7.979933517858839
3.203609520912533,9.240560468476861
12.972903926844067,17.19755363514266
3.213257066765498,9.77656887938606
8.07101215533613,9.459340742975069
7.126339778490123,11.491060593431211
3.215357166659355,10.407655200841068
3.715137378834948,10.451460325827876
6.405336341287569,9.151907028453836
6.730147898058631,12.272743887424566
6.493913318729011,11.148991829779861
6.762945129402936,10.914798985746073
12.802465397580166,16.26343372743988
3.1673592253326293,8.364711124352274
2.7231864873241847,10.247083970159172
7.517684610716926,10.093814694661008
13.465023325084706,15.46560565888598
13.50975706510661,15.888179687835233
7.486133940393435,10.533122848296504
6.866985803982218,10.625549190483754
7.785776423257076,11.248694391933336
5.436267442870434,10.65423567157851
11.193901031808227,16.27601325897952
13.493308650436758,17.1137196936518
13.851400857162925,14.315716785586954
13.12194827907041,15.704301614112575
3.316454747978051,10.199292605838801
6.334251321553806,11.776008858502063
12.093620057433489,15.043542308847465
15.517932609270993,15.572177128615555
13.930390330000696,14.511892456842208
12.2755990150222,15.165255788734044
2.071117255088952,11.269280621208326
7.497532365367989,8.789671463943215
12.557216589447417,16.7372238183323
2.0752328709901118,10.076962653249286
13.151617361588503,15.438578244085301
4.241146140201181,9.886661504940319
7.388951638073987,11.631254701905215
7.288420014209866,9.989926539478391
12.505118625533742,15.346556996094941
7.702031950776581,10.076736178036086
3.346334565801304,9.362926145208432
6.895009727128007,13.093424511994249
7.500973674509586,10.393338735693101
12.781141603442611,17.080035698937053
3.226068737903331,10.37099493379759
2.54310246283928,9.208393110668826
7.937507407233114,10.06179136772537
2.899988123743603,9.512619616240684
13.106862830454514,14.284436443385175
6.098591118766359,9.558516315856803
7.023415583594664,10.393956142930318
7.29450859326404,11.396409217500194
13.991803720443665,15.338286714144763
4.091491017705262,10.410928122943744
1.3473597458317956,10.905310342814653
7.185237479274184,9.899561546032489
6.3872905462764935,9.729719382270016
8.702950755483354,10.085085572570382
6.100755350818938,10.709836925644977
5.476936174100164,10.771413274152176
7.009843447786707,10.512274961409807
11.067300096209342,15.718702348053245
6.397087311293367,9.89969745991454
2.6924763664336355,9.803426232859914
14.071164626198392,15.202234578837489
8.023802560178853,12.476856774790646
13.467844740567921,14.504906375103957
6.389132077716107,10.564532508429384
11.926863144462398,14.465738616929354
12.868649415588814,16.795103908120705
7.257935109598672,10.397832596497718
14.883251406989679,16.359968555291356
3.215604375846654,10.265659178605599
2.855905074364245,8.774704377948492
7.118328787168698,10.932686816498409
11.67522211287651,16.199187667572676
3.905621049286654,12.07348580815357
6.85490986014506,10.253351643459165
3.2275706766825847,10.38162839532743
2.089671991426455,9.63981390071643
12.952160609666363,17.101022651578738
3.315479469642095,10.542630507777817
3.3598104890051954,9.89991435911376
7.717871010250445,10.801787043646245
13.427966184813826,14.452202345355262
6.515046457558534,10.240762392348376
7.146720811621269,10.812085237101524
6.898406099604889,12.498198717867972
2.8496717722722167,10.586840141162295
13.810118914073856,16.286051630256132
4.337063807730608,10.090747598435982
8.23636992693745,11.325707858751416
12.543418938749808,15.932619022779496
3.101312711562255,9.671162195976802
3.8648522378247288,10.444737588683838
3.894135874404059,10.83943375789927
5.86034018237881,11.07928358003801
2.6424436384803696,8.650137324501419
12.042651785560604,15.849384842909982
6.087141983418847,12.009083154209332
6.357031304063295,10.81537451105985
12.484619588106266,16.1133933245409
1.844824256937263,10.307926354391538
13.384736050323903,16.24273355455355
6.874479963744291,11.10487318281799
13.777631393883249,17.87877005246203
2.4267926184643285,9.833723152907359
8.452194586814509,11.826578934395329
11.958548401513632,17.072363425484816
2.402861754725902,9.691775278484537
12.333105673746697,15.890141048169246
2.012405639709195,10.769746485073753
12.260886097280164,16.791301742072285
2.8664136314583897,9.146643258478266
12.120017669203563,17.608050195896155
12.407895916067472,16.350075906250876
12.0980933553779,17.271725728075644
7.031849516389312,10.702769314957578
13.172621221627852,15.83254366489934
6.761651782966274,10.423436947030773
12.962848568777613,15.701309920574797
3.4868295266142333,9.109905672738964
2.258782965187479,9.640247262186877
12.985110617569738,17.463945739104442
2.1966149585647146,9.845084726866501
3.0633336521788177,8.99478698055735
13.025486240364232,16.048750552488535
2.5665412918007515,10.322311615306756
6.935636486482415,9.629301076066902
11.47119733978476,15.210849539228095
3.048096495744305,9.418172728738233
2.743601944878026,9.364794094598285
4.675744082883796,9.501456666912754
2.674876935505995,8.989844943020419
7.932407488106998,12.256870190202193
2.155177772036108,9.813756225637622
3.4814935740838564,10.002415960482116
8.39156833014195,9.779023973512285
13.799965540668998,16.626295958542553
6.262506364527253,11.492153078274653
6.022715517784801,10.231998451889112
7.155353266598714,11.147018814595334
7.230411664520004,11.552584429249533
8.23002683874176,11.009283166702424
6.593163765938739,11.3577028361437
4.049621501080618,11.26181574069472
6.539864560385161,11.45462362081522
3.3385996742553488,9.755467538645705
3.430188816123114,9.97044247902379
2.408430705503577,8.612878611680749
11.520994851997193,16.027036929537203
3.4259966584909147,12.08603704899479
3.357063428983404,10.356269325634392
12.017702407702018,16.227255569630284
7.952465019630811,12.9162989057261
1.9296788126867686,10.367524859792942
6.731908703856785,11.424600902534472
14.097903224041737,15.474940503766453
3.288623206076475,8.880158060855955
12.773372818192325,14.486136367355737
1.933664558131116,9.568175241570165
6.462172374686193,10.61974486729396
13.935300737575059,15.549120058274317
12.994374114327183,15.121627577197417
2.9176977784673714,9.398094324064154
6.579174094224,10.237282994145126
3.120039426104691,9.494165673134624
5.714071079575627,9.391851067073485
7.116551467416262,11.498402550423366
3.175591041093469,9.712545580814528
2.20216358172037,9.553999532167381
3.806558124226752,9.981837650393455
11.731743631088618,17.977599574735915
3.335642470597356,9.040836914519696
7.720575649525885,12.666734685257284
11.800208694746175,16.95841698181747
7.178206584165476,11.342994325868577
14.486147700817135,14.892874848028399
12.908369483640952,15.382629468064914
13.932010708180425,16.244975467194948
2.871267130815903,10.446903897353748
14.023604900522889,15.003061421198247
3.785030414906678,9.18398789623731
6.851159085888963,10.544586378022688
3.393969276556335,10.446380499719277
12.449637238832818,16.004286836696256
7.483686493294065,11.53861803849453
13.099542872236043,15.749348701462875
13.852000166426926,15.32052124280458
2.201372011405198,10.097829884990173
2.119111437053345,9.402650593512432
6.863599358772236,11.542378883637408
12.685647928976074,14.714662607220212
6.586576148317454,10.99876892680357
2.242830130547337,10.932881453195094
3.360127024026594,10.613804557646866
7.861407434769756,11.67775853270252
6.177038466376191,11.962125215181482
12.946077670713906,15.581706676315342
7.2135166344034225,10.731883987502735
2.481361177259083,9.85916530505262
4.634621348831304,8.771082858413832
1.5247691790491995,9.455858218769377
11.941075200157782,15.906390241798293
14.007581861631675,15.782728933052738
2.1192857330938866,9.783474279573621
3.0539783481679947,10.374068677781032
12.48224214274068,15.78285680129101
6.387064541905612,11.851879619913934
2.1861718695122763,11.11784354441589
5.808081705683407,10.016640799774631
7.5273270936055265,10.946038982139681
3.841834741007576,11.104589123910124
11.467515981140238,15.812875306982084
7.405811459608646,10.14414686559009
3.5679571561330725,10.264383852310383
3.9106596501980446,10.62382596951608
1.476223344473331,10.231074706162747
13.920042957057706,15.124207971415897
7.946267011818891,10.176882354920373
2.4141670268734012,10.599008669415017
4.5900699378832694,10.08368374008304
3.5761540502831677,10.12797156985027
3.282053249298918,10.243486282595757
2.2863490267761533,10.481079244013653
12.521204852432426,15.085637492411076
2.8183379298954865,9.590428094306146
6.8564226538431505,10.689375005689781
13.423613685138156,16.055605972238435
13.743061037639041,16.516125017753573
13.179541786181671,15.025957754546297
4.454820355167909,9.272447091757929
7.654413802700872,10.512285954140374
2.6468029510774542,9.327875414394176
6.715561892624514,9.49467005215035
3.7172079760821872,10.30132414489658
12.98013069957995,16.40073058579263
11.128323391401606,16.743080475271455
7.968184480435145,9.844246064699117
12.992282148556052,17.783422358156873
4.054800993181568,11.388086335444196
12.272839560589732,17.288375487705263
3.075492352417911,8.886417923393587
3.1716143637063356,10.313543792140566
6.048586581589597,10.741148079911882
13.652327286890719,15.674117761202455
2.4366168173931415,9.714346004851325
6.149457991757076,8.825536713360814
6.437725693964061,10.251173925037524
2.463391492352251,10.961554090883311
8.937171034566541,10.28272226885818
3.2145956558581448,9.641164124506263
13.28084157937279,14.83141353529428
7.8896942009763045,10.719052579391985
1.9254740672505661,9.348055750321771
2.730948965584567,10.593487174305137
13.199068006587053,17.43492253000136
6.739939185636231,9.23834440807561
6.33324671973777,10.748639359321773
2.501442959367942,10.570955331565596
3.5595303757500227,11.002450277120715
3.6220262325330794,11.529149027772599
2.542211367296205,9.699274736822751
7.170925124300042,10.009722434434385
3.0850257258378377,9.191222451934518
6.910469434786872,9.575626157324713
3.928873307998054,8.74795547208823
2.675012563986452,10.429245762210044
11.952021710642498,14.810911252043155
8.251917599117258,11.701200479525262
11.464905561384942,15.458166235879077
13.057038703732042,15.643292814389293
13.613557992996363,16.12890573093573
2.374947627970736,9.434915400340296
13.354026014796007,14.686606428155592
12.28625951263232,15.997134066294267
4.891005679558569,10.388146327103641
12.938970909485633,15.504576677156235
11.597507519612147,16.731836956567427
1.9877601262535436,11.07956748770545
5.904403810556046,10.850516439144634
12.841703265099326,16.640461057632148
7.515696162488166,10.848950452552188
13.127576336883967,14.28125158663812
2.9770178680005146,9.563236219793225
6.5068547555985585,11.895098373501218
5.967949171804602,9.740776842032908
13.628365694335898,14.720598569489738
13.233549506761774,16.011001414701973
11.95257799491823,15.621773015673893
6.549536747335009,10.898372831755331
6.015652875773195,11.618864975993505
13.579054231226868,16.69991765150615
4.128382224433667,11.624770311012139
1.2320463088716922,8.750161679642536
3.4980650603138854,11.458737917708936
7.348393911232194,12.090313610115606
7.519026185661982,10.868029351436526
14.283124823657294,17.0162832930503
8.105297961493456,10.393055159699607
3.0331788866982885,10.589396527927299
12.912183402458327,16.737671031379946
14.805796667214938,16.161993158602176
1.9443512527340454,7.8181097264951775
13.125106636793772,15.847773343542029
3.186264086610708,9.31315801372716
2.9432487404826904,11.397329232280992
6.245835843902393,10.59794225595001
11.573441805239558,18.500817246145978
2.8344836418411137,9.48863255076758
2.41296709982215,9.922618949406486
12.929431548400427,15.355976344887786
7.347173402109889,10.531603000080535
12.72393302108039,15.139235573220434
3.202758766758205,12.002791805413201
14.940670702101787,14.761931110036516
5.780283288270293,11.257923689143695
2.795009197670594,10.618045618683672
3.3037077288553625,10.519951516087124
6.3698335449702705,9.551800298431235
5.497254698216112,10.697275916433291
3.1245935452658906,10.312692998382518
8.766242193049107,11.050167146421753
12.840838857776802,17.32465505816834
3.971941306676382,9.228186208833236
7.085793721129015,11.062044232288807
7.675269519089662,11.26632343666085
6.819402608864808,9.677904892787625
4.177936587477964,10.578633989521807
13.098496016450884,14.965544560282108
6.164548076228528,10.598701706983226
2.380156095898862,9.729645521180778
6.409639259630809,10.57187631170422
4.103372225587108,8.872016081060213
7.367612718549889,10.572616774519155
6.511752214720771,10.7403545969715
13.636562594202152,16.286813202506977
12.501823109166084,15.595486031927601
6.065607825332103,12.525171947552957
7.1137081006886635,10.731979208037279
12.767705435191088,16.247576523774878
11.845219239573408,15.324573703844369
12.375885788684064,16.00283148287296
7.409856817343949,9.372475618836422
12.652854625420462,17.0531624658333
6.625030910935513,10.844410929100519
7.217518487813523,10.243417718322291
14.064336844705071,16.391491318144368
7.065877754826289,10.587813179240204
4.247204552780024,8.609645323707099
13.71669406041818,14.861389165836442
14.268418495518203,14.832945567157092
6.338152917912224,11.173560190067343
3.7902511850767766,9.820577862283379
2.0592188197830588,9.618380743582417
13.263064270728915,15.21468139550853
7.230582869962607,11.760789688342218
13.470612813008994,16.8459100954315
7.1659972596445245,12.058462106233604
4.435884278570652,9.9046186900829
6.706679132937952,12.048211134833101
7.25667887597999,11.33932353432051
13.572783361731632,16.590284190728955
6.376735769148953,11.485362654146375
3.071514545676929,9.887012190984683
7.4522842220418,9.556473604954162
5.259125713205563,10.328135007291529
2.6528127745666987,8.879136963495593
12.611638993559154,16.305250971454008
7.385248067264734,11.19794465158632
12.904123547646261,16.481874923774114
7.502625491809546,11.128731970032835
8.65446406481957,11.075544419306302
6.002813222982896,10.918915108524242
2.7991953030843537,10.249633652725674
6.162822781006278,10.373063432086383
3.640693242253053,10.90599474021943
8.324994577082174,11.672885521808622
12.80535551737657,15.752526665726617
2.5190231929542533,11.033388764005439
6.7328795377386275,9.518523665466192
12.30582979344911,16.544398900527927
7.434510205410432,10.049740989726502
1.9953539659938788,11.054364701144316
13.08627670688336,16.442942469295645
3.18355031727945,10.578410344699558
2.637190789038094,10.254683217065377
7.636178152832391,11.534894540187961
14.29960420861911,17.41004660744905
7.494492780334577,11.24023395418164
2.8956127247573336,10.61865909216027
6.299837234422271,11.207437026017596
7.024948596813103,10.412762526491838
2.012736136066044,10.83618594428341
5.758929820851815,10.489979682129011
0.6278358536018911,9.984876250400635
13.451226750691417,14.465024465732194
7.49331074574387,9.837613358776599
6.13540794258518,11.167870112531253
2.635192440066676,8.192195628578741
7.747515378194694,11.063136013954173
6.309901989752292,12.10285538129284
8.035514536122836,12.049379614684499
13.340906558338032,16.318048576712158
6.098479410408315,11.60198522124562
6.546966046781209,10.318266988954424
12.178318035677348,15.89480811380813
3.062015009472213,9.747334613206027
11.151558070746198,15.877919172340478
10.341617628468835,15.536237411337941
13.584055218846775,16.148966487767016
7.109854457738018,11.994138212357019
5.964788101349497,11.373564766449517
2.556759289045407,11.22449999882764
3.1123496891009164,10.063904897108984
2.2359173269746035,8.458282988342814
13.375471966801193,16.7618975558388
2.9014738261888104,9.449073583889895
6.590158199645419,11.09209944535599
2.81854222552101,10.255467159934954
6.991207772401928,9.96641571698544
2.5274816862023584,9.572665040885221
4.263477207471808,10.848178867877824
2.4781930895840003,11.52809013864579
3.0534992555988323,10.584501054011398
13.840997245076922,16.9896798321861
2.300481788417471,9.41293318903349
5.9894045396482625,11.243118395088882
5.76342527352496,11.197034625196366
3.287966604293977,10.123098870251814
4.538548584147604,9.930347570316453
12.33879780739623,15.733592728106407
6.7024008745968375,11.194943407814401
7.545910964211298,11.078627249695337
2.336354663337371,9.663814702732992
8.044022174129003,11.083376844116371
13.698988672587072,15.326372079045491
12.234473861369523,14.577723083459738
12.720608021597076,14.539711212903633
2.34246174781631,11.44529346738976
12.317679973059562,15.917226505609838
1.7115319992814573,8.84239405121874
4.646503009189109,10.603849345782972
7.41739336014383,11.441767359830452
12.434319563281019,17.461620500969666
13.46884314168017,17.141835810261714
6.696382340457216,11.54806936020379
5.0256115065031866,12.712731835779461
5.845986220764988,11.482983273334339
12.630721225909467,16.673558693564004
12.677326919776148,16.974443433555575
14.315263429406624,14.681230448735143
14.26094838278399,14.976977254272281
2.902081761121926,9.268454891273596
3.738068441077968,9.456420567095499
11.581868292413384,17.268239331160505
11.672016756829539,15.698477207982412
13.575193686665099,17.47090580435589
6.706350319589929,10.187960514951103
6.411878890033362,10.583016682220125
7.797308413275857,10.829554503732535
13.362292463915292,16.501937142624342
2.3644584690965207,9.00273563961896
2.790689338853836,9.994345077044976
11.941045112070885,15.58784522236162
6.739593549952852,10.728246819132654
13.403669089922682,16.924420496302766
1.6880303113302033,12.672528807980187
13.770384836683606,16.914272779096535
12.624595599499882,16.27272261472053
6.4597057976602414,11.904038546928138
12.464849138983565,16.087162811001786
13.766566735988135,17.2131606730516
7.103015832262757,10.182761341614047
7.485468299926294,12.134716695990955
7.579987552517542,9.882805318383186
5.938214545790769,12.082072059569585
8.022703478091382,11.542500786349844
2.990005602789083,9.468661690868318
3.048294055417179,9.741475719475595
13.248235031735563,15.48056460588305
13.21312102657458,15.78716538870518
3.4234765644872636,10.781854318456977
5.155211953818978,10.352380702086567
4.107345955924534,10.759236697761999
6.827345715962159,10.790325331050292
0.637859867014575,9.900554318108268
14.164747158892407,15.533658215814114
12.111149649547624,16.439764488510747
2.3036420715000006,11.059432130099314
1.4437874072736445,10.423952596735015
2.3134828040490834,11.306721227559606
7.075344705177569,10.843867182796295
6.691662540039459,10.834457673460506
13.879149390460343,15.775224129156747
12.60532370838975,15.65603318509528
11.96260217243189,16.036931082010312
4.526223048413698,9.17658041687209
6.80145277765803,10.609539069755519
13.75657767257963,16.42585981964556
13.610967593462432,16.564974144476675
3.1927119115264286,11.176174904554872
6.40438731116674,11.34011411881139
2.6065161603892326,10.255078172312592
7.357575078832786,11.857244269109295
6.938433157368595,12.02152583058594
6.921344703825132,10.930881101339534
2.5221634012916536,9.54799348298542
4.0854628694607245,8.679546624616576
12.238551002284142,15.701136552334468
6.658575212503592,11.11343574287829
6.616538278574761,10.270132444112846
13.626867749065203,16.440785612196883
5.4616034268877325,10.782414940673993
13.556920548131552,15.220887563427976
2.8904099431446264,8.573438403114833
12.82275540048861,16.969903464617452
7.567603725300424,11.533695745849162
6.2397888912969925,10.791179933278812
12.870782595719836,15.6713368718761
2.949723597241672,7.426986445809495
2.911874427617628,11.165480220029671
12.333439085020341,17.05768738647487
7.650746845522769,10.960610985950606
7.230867432827629,11.649733574947788
8.372690485415827,10.95916949359887
11.754510380686709,16.0908280645287
3.053254928469705,10.261031312037643
12.181844524002795,15.766460698211409
7.29948154416681,11.792106844904612
8.597289296680042,9.347167722341144
3.783330685667065,12.248574499670415
7.725398951124764,11.22392178364773
4.030504446700364,9.436523957949587
14.73083757508769,15.841781048207181
6.091646858457409,10.612948603339577
7.44684034626588,11.627819173298235
2.449781624007439,8.371815865783915
2.2103101121675968,10.931045472492642
12.33916144284296,16.279748375610687
13.671826955846974,16.642333004945833
8.04299722765261,10.75950067756731
2.0482152007744303,9.764507015026197
1.8572727653752892,9.279728301947152
2.902474153928041,9.463023115268996
3.6166720501433067,9.87696890373081
7.203776768409218,9.70949461874389
12.768425034099739,15.36770555750452
6.553130111632813,11.949963821172878
13.534233582735602,15.586992705511623
6.892744426632209,10.578388668066816
13.33535506972552,16.94546036626728
5.935415141640146,10.867444641777988
12.998132172769711,16.533539798036283
13.429536288476703,16.39894605877154
7.037927212666018,11.44091221520905
14.134119760597775,16.971017950298414
7.631319503978594,11.95805301470174
3.5609226416203104,10.368935081071262
2.773115030481331,9.437123634689325
12.409719277441255,15.66445904444174
13.965589485301233,15.172285936196353
9.316436353077087,12.536549388977292
3.943569846616203,8.86397672112269
1.9174517736067516,10.274739247477896
5.746730959859367,10.900568702595606
8.14564220604587,11.494005581902984
3.9900684136887326,10.509760441144786
13.013536916799465,15.516258221067257
13.23942877307097,16.807012016560652
2.2594463488810836,10.180669447201582
7.9666933406824025,11.243172783345004
7.943358812456305,12.574180555926
6.223060940099341,11.684390696567888
6.898494464255433,10.625191212433844
6.4989963350850255,11.571094803904497
4.018249630328366,10.379467303850761
13.829170378093995,14.86413307035607
3.5872134432076495,9.488898531312602
7.077104904606334,11.515106912653195
13.650357568216675,14.66460063603416
8.454941037735143,10.125580309697549
1.2581358765576993,9.76113463877984
1.3200266867416364,10.786942493300678
7.2833926060762995,12.53946248755534
2.7281718409236326,9.174334847934887
12.015919968946896,17.485237831984115
15.367111293105818,15.358876223196754
6.986154199273439,12.176735426461798
3.0809945550276714,9.24643549089004
6.6340928194802125,10.809324214317348
6.3561686968935085,8.149019509195712
6.87802464929128,11.418147373981846
12.782887291297643,16.494341521416047
3.2384204628090827,9.269005459702532
12.157972147428053,14.982367909335936
2.0807120422123977,10.74293562394139
2.757076065378543,9.520323067519984
12.319183422105347,16.046807965205073
6.4483703134260075,11.975258582776751
7.782193328141107,9.876655039191974
13.274885893165534,15.25416205109504
13.316112244277619,16.218441788558355
6.9996482141505085,10.641449410251216
7.251280373802756,12.237081126759731
1.9498230674726538,8.800888177428947
3.274328326846809,8.775699931631884
12.466398744876294,17.205088188313244
2.556426997490507,10.31696969752436
8.054952763896413,10.740742263228697
13.040300544613983,16.441216735160218
4.343830068559826,9.962978648129274
3.3790723548428776,10.307168063385758
12.931961443725884,15.604055057979158
6.693866465522812,11.383616795594499
12.929954327670762,15.653335786270656
6.882843977868592,11.827682430907418
6.737465158098501,11.83871205960762
6.487707041250013,10.345257803701134
8.124165123702019,11.057767538019108
8.475485657595035,11.824211835072287
3.549438179358639,10.104762712745512
2.687972344811893,8.853322170783766
13.700319160736154,15.312024635531506
4.85577009253855,10.716792204930512
2.6891398220886016,8.725674274525643
3.387731261084338,10.882777280721095
7.2286532125975915,9.247923424274408
2.3997717968082846,9.350429112936643
0.5413555928253637,9.470349579541502
3.465693981417917,10.728813196955638
11.578103914608253,15.215569808365098
6.223513268525458,11.54909913722127
7.587434284158514,10.8076807599186
12.511721646717257,16.186231286613253
2.686623945977148,9.429629927483997
2.3022970386199066,10.64311675871306
5.311546525085794,9.38407438830916
3.758491939558453,10.597287595652244
7.935861867485917,10.403512573140166
12.85287104676951,16.565664030489508
2.9446960480520272,10.945890382380055
0.9415720929850977,9.063222430145084
3.4705901323766852,10.165358719704429
12.133685374837606,16.155855807872236
3.270534809000536,10.381637440878558
6.556780296543467,10.740527928347507
2.7324127386988915,11.268656383392937
2.850340318818773,10.170508069928623
13.1384995903609,16.47783540927086
3.325252161319149,11.380284955778702
3.3327432498543677,9.765642743509044
3.553513048599343,9.71684599314058
3.0152916158438328,10.026533037860375
3.1088109856685966,10.149771733988945
7.89158806528188,11.407717024283803
6.316583643016454,11.218458900163357
12.972092564537132,16.32146437308806
7.454903965291878,10.938260801515154
3.250621739533297,10.479064161284127
8.026882894812317,10.910053022566036
14.361148577777296,16.438747808045175
3.1500157556937567,10.870276905198061
13.934265755315543,16.628458453669417
12.697104198257328,14.567164961313196
6.63579713689875,10.092943006026442
13.406960184130604,16.03444441834125
12.27563282800323,16.343204484448794
3.038978466151953,10.576381141439489
3.4134421013760674,9.916785337251874
2.419495288149896,8.069074760344334
5.491291500806654,11.049008604104294
7.697056783441458,11.096808269946017
7.3038359993639155,11.398476765588343
3.559380388642815,9.172324495791212
3.768020875589265,9.217953923754907
13.151318176876252,15.216584291979167
13.736019169735544,15.920848232494423
7.1530267602764885,11.742221808423288
12.579102058890088,16.554120126594604
8.023940450387494,12.216414299990756
14.078589237283841,16.17532446034674
1.4566484853857615,10.061711649707823
7.112068323297314,11.337418086227
7.246133088621855,10.965399751439394
1.6581898892985438,11.301981394686178
6.8560873519295376,10.043458460163183
6.731349845941971,10.751572584871543
6.422978138338549,10.601250253685318
3.4347537056330424,11.840981970493011
13.014187849180939,15.37290540252286
13.39302809025074,14.675689117125014
14.592419993172369,15.543138091966958
2.71422784944986,10.596410432060287
11.571619177143164,16.58826566832533
5.603793871174053,10.205957961962607
13.69032491952123,16.458287765974834
3.8728908218013465,9.706459103905104
13.555365837437206,16.403022374321733
2.0584545865459254,9.122344472410637
12.781554783065879,15.328431908378256
3.3644748890704013,9.27287969560768
1.9329629688870504,11.173289740584245
12.991033621114331,17.14331339856698
14.193314604781888,15.601568936169304
12.766035508807757,16.34367683791064
7.7572994616134325,9.995625407467351
1.443268631198036,9.326836303068793
12.152102005012846,15.945171972607707
7.762889833673824,10.81663261434852
2.9956171544663555,10.222611151602875
12.888042920373865,15.904603950561777
13.891577135907434,15.191745594899153
12.805940153966956,16.944218022133747
4.050204178245459,9.730638526546272
7.081911787574109,11.549475796684748
5.137278491358061,11.690113739421552
7.246959229995373,11.142183641285639
12.680112926866652,16.405819077535686
5.512993201644847,10.699005554424055
0.14811519399908413,9.479728082584133
2.027940696436575,10.02314119186804
11.59707726813351,16.49424179027386
5.6499333715969176,11.618626517956077
13.42021275217066,15.079138092190668
7.8830557177669185,10.432851827076671
2.7829267051951456,9.84444204915354
1.9365276261921882,9.910462694246801
13.170218967625253,15.880895050766147
3.1099195288308783,10.848571601107103
3.5810937873460693,8.551949903416197
6.921491417937106,9.319217267924707
12.394622287224708,16.028533287956947
3.346211460558684,9.903724308751654
11.982032362861117,16.302697802385683
4.696501935848258,9.159164674476916
2.048610699800281,8.140212851561698
4.328004797685572,9.939185244681786
1.6462961292010234,7.884230372761907
6.292149007770303,9.417533682119217
14.66061647039028,15.40141938972117
5.80617614788811,11.287547261482509
12.196273885544443,15.537443358777498
2.4481300741998147,10.55531415538088
14.179848432567663,16.637851475520495
13.591579491377713,15.567298585722405
12.097878598282431,14.8939027656916
2.4237393187680527,11.04976338154307
6.410486504838449,12.39876172425982
12.682061267816701,16.277713733118876
12.904115400350644,15.742517968232756
7.754555608614703,11.324979884501486
3.1844585392792566,9.842068439824384
2.6316938840086443,9.737764169612728
7.062402398016129,10.84506733362997
3.9979297934448725,9.191503967537079
14.167228667926658,15.744751750281356
7.352803271140084,10.956922812876964
12.131052432059132,16.203123307228246
2.652551988293623,10.437399277350961
5.988268523215531,10.370261222411706
8.329488744167147,11.859625296987588
13.046456563367915,14.763761537440015
13.004652256487727,15.961896329733218
3.2147373164367017,9.583211853288487
13.607720969530664,16.00670027178959
5.87861915190158,11.811758836099827
6.5447576967266015,10.611184881080298
12.851283823486835,16.05939391752512
12.088000200246267,16.904356574304728
3.0081912388894,9.708043912760674
7.750947172774586,12.155895493332254
3.8745245953659273,11.058850225254076
12.365282352142813,15.723816768896391
4.363124439770717,9.807952323998489
7.788954998911717,10.704425770363468
7.290127226228679,10.09419625959234
12.383724383641354,14.645820740850695
7.537905206417193,11.911478871835442
4.596617514523871,10.669478125226311
14.124495481564345,15.91830178128408
3.964291621089096,8.361164082079794
7.754297132215325,10.471876256401188
11.82796520656112,16.520139109132856
3.760185429286771,9.863828948791056
13.67509148061287,17.967012449424626
1.63089817006878,9.858453422577236
2.7444135411345187,11.79346265459773
2.5682286651460493,9.967700864433503
7.582279464680878,11.78181148873466
2.231695876643599,10.976189121793853
14.06334665589568,16.34763521985443
3.9710306787686003,9.975359047158326
7.711084021358572,10.6316133156798
3.028719064629961,10.568575273081878
3.9817100871949993,9.772059012910992
12.946123927810437,17.081780442434095
12.671015908820397,17.068071000487365
3.0137331438735275,9.930480927362513
12.42500315905306,15.51920801299814
2.905575344741166,9.011608171749552
3.057801110691951,9.169176617213981
1.9092111260258051,11.61777687936459
6.676166919118902,11.651260990649096
7.107984983350558,11.547821655477527
13.520979609604991,15.744535378777323
12.775487366254596,16.47493691208248
12.93558045470507,16.846878893720387
12.958604835154109,15.76441786962574
13.422951948001483,16.034348477185954
6.632862218994821,11.560973772221452
3.4602506246980442,10.688305270475766
13.841579623889494,15.162690964088421
1.3715326043267648,10.62992910029554
2.858660244536958,7.807136505070523
12.914706186971726,15.319393822916094
15.01536975429019,15.37764909072885
2.8487701676170047,10.999787379801077
2.639809617465466,9.709918992839693
2.0235235208078124,10.270827192276185
12.147757435756438,18.09673510897917
6.395603472125279,9.670084147048229
3.473662779969652,9.232678648586775
2.6651965458267544,8.90561220973141
2.7421712415084407,10.673224340162331
7.954574915355483,11.932770305533325
13.442328876511798,14.98644717551466
3.1871296694915463,10.239640605645974
13.878128529458152,16.45510540562358
6.96176852190446,10.589457268535268
3.3572189874656146,9.890900955969709
7.323881234531326,10.742778174143785
2.744144761205081,10.169960978724104
4.084940197536611,12.431376400680678
11.41445149177568,16.96848115497947
12.672596165387333,15.778735452071375
11.480478014946462,14.154212772333025
13.608301251964352,16.361538893884347
12.019229559107787,16.067543360224224
13.13424039772045,16.806686674518748
12.484449990238634,15.38250697807829
13.160245824365468,16.32475723196044
12.247392624611974,16.78307642213721
2.4380576628972634,8.961398722498537
3.192828869562994,9.861261988236452
11.921300271360277,16.43771505150363
12.75918270993584,14.642804986980593
13.456188665152947,17.124307419623882
2.6565913294976977,11.164323050431364
7.6409409510697435,11.029431254844596
2.770210004520064,9.84332283116359
6.132698577639972,10.848292836695718
4.629700287907327,9.570395106656859
14.415787189329995,14.980076243843722
2.985466772836617,9.703076138825816
7.1397765154404995,10.608382122604649
11.211099468236203,16.09555244733825
1.4891571134955335,10.288896024722893
7.321414958686291,10.04059920710658
6.35468445874187,12.232962610449952
2.4076472925413057,10.112477190208956
14.7591367296249,17.027950539792528
3.1548377431814925,9.659365969808434
12.350791834299681,16.486116604811595
12.823444792008162,16.055663487135867
5.973211613926811,10.92865383683816
6.5203677353064124,11.381592154066455
1.7231245661054837,9.232898149544162
3.051383516999232,9.179580917883403
12.657256984615248,16.46793562745528
2.5216323334858863,10.1511034807626
13.029806795836633,17.568620079894885
13.83685451109771,13.734134001125513
13.429503358533042,16.876012587679096
5.634560905648416,11.480569688128098
6.9370508829523745,10.162147802891184
5.421914627981913,11.249855414856961
6.4480672183247885,10.310738987384344
7.496276961154932,9.637935578645024
3.4924682608162545,10.5777666446728
7.061331481355987,10.68792229660605
8.304465943459935,9.518410799334985
8.342866661849596,10.692908323093121
13.520478070219326,16.372140781243885
5.658651031537625,13.134049444388953
8.394872939743408,11.645990392220408
2.856147916742485,8.781269814064913
5.874551728773133,9.689361225052156
8.484036481654643,12.695652171651094
7.109203320173778,11.00638450444808
3.512486205720554,9.55529638178925
6.668145608059777,12.531801607422656
6.5411689855533,10.412382800127267
11.864894201171852,15.12876579014163
7.0149595741394615,9.697304325111912
6.566422370715513,10.508566097097637
11.641513561553452,16.533320908966314
11.840105432759364,16.860602150455538
13.448565043664093,17.022003384583606
13.12459283160604,15.735870039449875
3.5850338662899586,9.785417100865589
6.127679658821026,11.309858349148382
11.89061764720563,15.14617257206933
13.56174837536885,16.50303943065072
6.502229262136166,10.783829373553475
13.195583079362375,14.500067992054994
7.908962372983466,11.095011474128155
8.054118009236852,12.448991187887312
13.596093057364406,15.884258884210274
4.427922156856029,11.657759305089805
2.881881458386353,8.091275542735014
7.43443636178431,11.287206826326685
13.449320407023707,14.658286808127253
2.1614562686783962,10.326120962372634
11.723306110689647,16.54299402546872
3.6930296873643513,9.086600839800923
3.082129834161758,8.22502243871982
13.62768392209916,16.923614026190396
8.763513574854484,11.148022229913408
1.697289411049411,9.11583432945491
13.103779697196773,16.20528836327306
11.7266759589394,17.116673317156803
12.11406411813298,16.371726266681872
5.94704542386568,11.670581269536001
7.3098609246732575,12.270929881092945
4.085367794049742,10.363108459160742
2.104890078403423,8.901032511244436
7.4371276458304,10.960944437151918
8.073517782711063,10.74070272315815
4.05056666723058,10.67086889894113
3.626051698395032,11.403201473502698
6.687562006459031,11.155089502735411
3.7090088608567324,10.515639247966433
7.821529266768092,10.588424497631223
12.137301985871158,15.422625800055693
3.186680757899656,10.001060394029016
3.321823146703665,10.085986703676095
7.674987676483692,11.177801746973332
13.412420109951707,14.989235085501107
13.599064819627458,16.32058830374978
7.167471887591447,9.629532805912001
6.734462733742057,10.288476805775455
7.397584188986784,10.498816407758158
1.9496934556672536,9.639381281160537
12.050732210496042,16.55510287081494
13.861788534101548,15.795230970919654
2.2634747719508876,10.313328177070497
13.921843934325862,15.367035202814641
13.605848452734971,16.24148351430376
2.946469494153475,11.115456507883192
6.654140267331103,10.251737585468113
12.526181746887074,14.625106417909116
7.122717986284786,9.026471594367809
7.10145645147747,11.274668105607883
6.577766072574783,10.318990311621794
7.270008234838239,11.184629231896967
7.027616668145179,10.887937228863246
4.02985199994223,10.77681800401603
12.59608934207736,16.069177797380014
12.915879877759302,16.079260654396624
1.9925994966199734,11.24244133891622
6.281280661966028,9.683296380871598
